dataset,injection_rate,seed,precision,recall,f1,true_positives,false_positives,false_negatives,abstained,elapsed_sec
Sepsis,0.05,42,0.7195767195767195,0.5368421052631579,0.6149208741522232,408,159,352,193,89.9
Sepsis,0.05,123,0.6624405705229794,0.55,0.6010064701653487,418,213,342,129,79.4
Sepsis,0.05,2025,0.6733001658374793,0.5342105263157895,0.5957446808510638,406,197,354,157,82.4
Sepsis,0.1,42,0.6674897119341564,0.5332018408941486,0.5928362573099416,811,404,710,306,81.5
Sepsis,0.1,123,0.6556982343499197,0.537146614069691,0.59053126129382,817,429,704,275,74.3
Sepsis,0.1,2025,0.6808703535811423,0.4937541091387245,0.5724085365853657,751,352,770,418,84.8
Sepsis,0.15,42,0.6571268237934904,0.5131463628396143,0.5762795275590551,1171,611,1111,500,83.5
Sepsis,0.15,123,0.7186684073107049,0.4824715162138475,0.5773466177241741,1101,431,1181,750,87.3
Sepsis,0.15,2025,0.6742331288343558,0.4815950920245399,0.5618609406952966,1099,531,1183,652,84.2
Sepsis,0.2,42,0.6592920353982301,0.4898093359631821,0.5620520558279894,1490,770,1552,782,72.5
Sepsis,0.2,123,0.689584402257568,0.4418145956607495,0.538569424964937,1344,605,1698,1093,84.4
Sepsis,0.2,2025,0.6814075130765573,0.4710716633793557,0.5570456754130224,1433,670,1609,939,78.9
Sepsis,0.25,42,0.6699346405228758,0.4851433079148041,0.5627573585481165,1845,909,1958,1049,61.2
Sepsis,0.25,123,0.7370649106302917,0.4120431238495924,0.528588294822061,1567,559,2236,1677,85.1
Sepsis,0.25,2025,0.6875,0.471469892190376,0.5593511152706285,1793,815,2010,1195,71.3
Sepsis,0.3,42,0.661027376191941,0.4708588957055215,0.5499680102367243,2149,1102,2415,1313,60.9
Sepsis,0.3,123,0.6985107155830004,0.4213409290096406,0.5256252562525625,1923,830,2641,1811,71.9
Sepsis,0.3,2025,0.6834995175297524,0.4656003505696757,0.5538902645640558,2125,984,2439,1455,67.1
Cotton Candy Production,0.05,42,0.9789103690685412,0.9408783783783784,0.9595176571920758,557,12,35,23,66.7
Cotton Candy Production,0.05,123,0.9269949066213922,0.9222972972972971,0.924640135478408,546,43,46,3,66.4
Cotton Candy Production,0.05,2025,0.948542024013722,0.9341216216216216,0.9412765957446808,553,30,39,9,66.5
Cotton Candy Production,0.1,42,0.9842931937172776,0.9527027027027029,0.9682403433476394,1128,18,56,38,65.1
Cotton Candy Production,0.1,123,0.9786286731967944,0.9282094594594594,0.952752492414391,1099,24,85,61,60.8
Cotton Candy Production,0.1,2025,0.9824098504837292,0.9434121621621622,0.9625161568289532,1117,20,67,47,61.7
Cotton Candy Production,0.15,42,0.9813845258871436,0.9493528418683174,0.9651029748283754,1687,32,90,58,65.8
Cotton Candy Production,0.15,123,0.9751479289940828,0.927405740011255,0.9506778194404384,1648,42,129,87,55.7
Cotton Candy Production,0.15,2025,0.9718475073313784,0.9324704558244232,0.951751866743251,1657,48,120,72,78.8
Cotton Candy Production,0.2,42,0.9784710017574691,0.9400590966652596,0.9588805166846072,2227,49,142,93,72.7
Cotton Candy Production,0.2,123,0.98,0.9307724778387504,0.9547521108465036,2205,45,164,119,70.4
Cotton Candy Production,0.2,2025,0.9676025917926566,0.9455466441536512,0.9564474807856532,2240,75,129,54,84.2
Cotton Candy Production,0.25,42,0.965088143795368,0.9426063470627954,0.9537147736976942,2792,101,170,69,97.2
Cotton Candy Production,0.25,123,0.9355165428764348,0.9355165428764348,0.9355165428764348,2771,191,191,0,144.5
Cotton Candy Production,0.25,2025,0.8979238754325259,0.8760972316002701,0.8868762816131237,2595,295,367,72,471.3
Cotton Candy Production,0.3,42,0.9744853580748044,0.945694991558807,0.9598743395687565,3361,88,193,105,286.7
Cotton Candy Production,0.3,123,0.9490608992601024,0.938379290939786,0.94368986983588,3335,179,219,40,408.0
Cotton Candy Production,0.3,2025,0.9578434184112418,0.939786156443444,0.9487288737395256,3340,147,214,67,193.3
Chess Piece Production,0.05,42,1.0,0.8157303370786517,0.8985148514851485,363,0,82,82,288.9
Chess Piece Production,0.05,123,0.9828571428571428,0.7730337078651686,0.8654088050314466,344,6,101,95,525.2
Chess Piece Production,0.05,2025,0.9915730337078652,0.7932584269662921,0.8813982521847691,353,3,92,89,315.1
Chess Piece Production,0.1,42,0.9825072886297376,0.7573033707865169,0.8553299492385787,674,12,216,204,546.4
Chess Piece Production,0.1,123,0.9735376044568244,0.7853932584269663,0.8694029850746268,699,19,191,172,290.7
Chess Piece Production,0.1,2025,0.987012987012987,0.7685393258426966,0.8641819330385343,684,9,206,197,105.7
Chess Piece Production,0.15,42,0.9872922776148584,0.7559880239520959,0.8562950402713014,1010,13,326,313,70.5
Chess Piece Production,0.15,123,0.9893617021276596,0.7657185628742516,0.8632911392405064,1023,11,313,302,73.5
Chess Piece Production,0.15,2025,0.9881656804733728,0.75,0.8527659574468086,1002,12,334,322,69.3
Chess Piece Production,0.2,42,0.9884892086330936,0.7714766984839978,0.8666035950804162,1374,16,407,391,72.0
Chess Piece Production,0.2,123,0.986496624156039,0.7383492419988771,0.844572896596018,1315,18,466,448,68.8
Chess Piece Production,0.2,2025,0.9844444444444445,0.7462099943851769,0.8489300542957521,1329,21,452,431,71.0
Chess Piece Production,0.25,42,0.9884848484848484,0.7323753929052537,0.841372194996131,1631,19,596,577,69.1
Chess Piece Production,0.25,123,0.9768292682926828,0.7193533902110463,0.8285492629945694,1602,38,625,587,67.1
Chess Piece Production,0.25,2025,0.9875699192044748,0.713515940727436,0.8284671532846715,1589,20,638,618,69.9
Chess Piece Production,0.3,42,0.9827027027027028,0.6803892215568862,0.8040689960194604,1818,32,854,822,68.0
Chess Piece Production,0.3,123,0.975487743871936,0.7297904191616766,0.8349389852280025,1950,49,722,673,58.3
Chess Piece Production,0.3,2025,0.9702085402184708,0.7312874251497006,0.8339735381988904,1954,60,718,658,55.4
BPIC2013 incidents,0.05,42,0.9938893981057134,0.992979242979243,0.9934341120781798,3253,20,23,3,177.5
BPIC2013 incidents,0.05,123,0.992979242979243,0.992979242979243,0.992979242979243,3253,23,23,0,177.7
BPIC2013 incidents,0.05,2025,0.9945038167938932,0.9942002442002442,0.9943520073271256,3257,18,19,1,204.9
BPIC2013 incidents,0.1,42,0.9914503816793891,0.99099649015718,0.9912233839578724,6494,56,59,3,196.0
BPIC2013 incidents,0.1,123,0.992976026874332,0.9923699069128644,0.9926728743703253,6503,46,50,4,172.6
BPIC2013 incidents,0.1,2025,0.994649954142464,0.9929803143598352,0.9938144329896906,6507,35,46,11,197.9
BPIC2013 incidents,0.15,42,0.9916556426172788,0.991453861023502,0.9915547415547414,9745,82,84,2,185.2
BPIC2013 incidents,0.15,123,0.9924658928935044,0.9917590802726626,0.9921123606941122,9748,74,81,7,186.3
BPIC2013 incidents,0.15,2025,0.9937869219800368,0.9926747380201444,0.9932305186542476,9757,61,72,11,187.3
BPIC2013 incidents,0.2,42,0.9916030534351143,0.9911490920189228,0.9913760207586048,12990,110,116,6,164.2
BPIC2013 incidents,0.2,123,0.9938182095703274,0.993590721806806,0.9937044526689304,13022,81,84,3,172.7
BPIC2013 incidents,0.2,2025,0.9933587786259542,0.9929040134289638,0.9931313439670304,13013,87,93,6,175.0
BPIC2013 incidents,0.25,42,0.9920019537212283,0.9917597509613624,0.9918808375557048,16248,131,135,4,141.0
BPIC2013 incidents,0.25,123,0.9938335673728554,0.993590917414393,0.9937122275807336,16278,101,105,4,144.2
BPIC2013 incidents,0.25,2025,0.9915104134856164,0.9909052066166149,0.9912077176700452,16234,139,149,10,159.0
BPIC2013 incidents,0.3,42,0.9906265919510951,0.9891652678162672,0.9898953905673342,19446,184,213,29,158.2
BPIC2013 incidents,0.3,123,0.9930262153219648,0.9923190396256168,0.9926725015265622,19508,137,151,14,156.8
BPIC2013 incidents,0.3,2025,0.9923664122137404,0.9919121013276362,0.992139204762268,19500,150,159,9,148.6
BPIC2020 Permit,0.05,42,0.8501144164759725,0.3432663432663432,0.489057100543031,1486,262,2843,2581,845.5
BPIC2020 Permit,0.05,123,0.8581920903954803,0.3508893508893509,0.4981144449909822,1519,251,2810,2559,785.4
BPIC2020 Permit,0.05,2025,0.8600337268128162,0.3534303534303534,0.5009823182711199,1530,249,2799,2550,789.7
BPIC2020 Permit,0.1,42,0.8715175352343494,0.3071148071148071,0.4541805448800068,2659,392,5999,5607,828.5
BPIC2020 Permit,0.1,123,0.8542967588462682,0.3318318318318318,0.4779968388653191,2873,490,5785,5295,757.5
BPIC2020 Permit,0.1,2025,0.8386411889596603,0.3193578193578194,0.4625679631953157,2765,532,5893,5361,815.4
BPIC2020 Permit,0.15,42,0.8604008293020041,0.2875952875952876,0.4310941828254847,3735,606,9252,8646,812.5
BPIC2020 Permit,0.15,123,0.8592010478061559,0.3030723030723031,0.448087431693989,3936,645,9051,8406,750.9
BPIC2020 Permit,0.15,2025,0.8508467659661294,0.3210903210903211,0.4662343470483006,4170,731,8817,8086,694.4
BPIC2020 Permit,0.2,42,0.8733434305187429,0.2664010164010164,0.4082662182494025,4613,669,12703,12034,767.2
BPIC2020 Permit,0.2,123,0.8407230559345157,0.2847077847077847,0.4253666954270922,4930,934,12386,11452,673.1
BPIC2020 Permit,0.2,2025,0.8338378742011436,0.2863247863247863,0.4262746109534863,4958,988,12358,11370,684.6
BPIC2020 Permit,0.25,42,0.8491987179487179,0.2448140448140448,0.3800609646763493,5299,941,16346,15405,811.7
BPIC2020 Permit,0.25,123,0.835641454877492,0.2536844536844537,0.3892117947263963,5491,1080,16154,15074,695.3
BPIC2020 Permit,0.25,2025,0.830738465933438,0.2686994686994687,0.4060601829225721,5816,1185,15829,14644,714.7
BPIC2020 Permit,0.3,42,0.8514753635465199,0.2321937321937321,0.3648848957860664,6031,1052,19943,18891,786.1
BPIC2020 Permit,0.3,123,0.8470588235294118,0.2273042273042273,0.3584264205925206,5904,1066,20070,19004,741.5
BPIC2020 Permit,0.3,2025,0.8165090723230258,0.246015246015246,0.3781065088757397,6390,1436,19584,18148,674.6
SmartFactory,0.05,42,0.7727272727272727,0.6520547945205479,0.7072808320950965,714,210,381,171,388.8
SmartFactory,0.05,123,0.7200424178154825,0.6200913242009133,0.6663395485770364,679,264,416,152,361.0
SmartFactory,0.05,2025,0.7796976241900648,0.6593607305936073,0.714497773379515,722,204,373,169,416.8
SmartFactory,0.1,42,0.6711158569140416,0.5737106344135098,0.6186023622047244,1257,616,934,318,350.1
SmartFactory,0.1,123,0.7686852154937261,0.6430853491556366,0.7002982107355864,1409,424,782,358,352.2
SmartFactory,0.1,2025,0.7269209508015478,0.6001825650387951,0.6575,1315,494,876,382,416.1
SmartFactory,0.15,42,0.7582025677603423,0.6469872185027389,0.6981937602627257,2126,678,1160,482,357.3
SmartFactory,0.15,123,0.7684746996723698,0.6424223980523432,0.6998176694845019,2111,636,1175,539,336.8
SmartFactory,0.15,2025,0.6008344923504868,0.5258673158855751,0.560856864654333,1728,1148,1558,410,401.9
SmartFactory,0.2,42,0.7433276547416241,0.597444089456869,0.6624493927125505,2618,904,1764,860,391.1
SmartFactory,0.2,123,0.7768528464017186,0.6602008215426746,0.7137922526523562,2893,831,1489,658,354.4
SmartFactory,0.2,2025,0.7471134891579837,0.6054313099041534,0.6688516324215303,2653,898,1729,831,389.0
SmartFactory,0.25,42,0.7371581054036024,0.6051478641840088,0.6646616541353384,3315,1182,2163,981,386.6
SmartFactory,0.25,123,0.6896031061259706,0.5836071558963125,0.6321929998022543,3197,1439,2281,842,347.2
SmartFactory,0.25,2025,0.743515205724508,0.6069733479372034,0.6683417085427136,3325,1147,2153,1006,394.3
SmartFactory,0.3,42,0.7155946490745831,0.5940970637456261,0.6492103075644223,3905,1552,2668,1116,375.4
SmartFactory,0.3,123,0.772264631043257,0.6464323748668797,0.703768115942029,4249,1253,2324,1071,319.9
SmartFactory,0.3,2025,0.7488207547169812,0.5796439981743496,0.6534602521224594,3810,1278,2763,1485,401.5
MIMIC-IV,0.1,42,0.9139820520243166,0.9032429450109324,0.9085807665032528,44202,4160,4735,575,3255.1
MIMIC-IV,0.1,123,0.8975784531751915,0.8907370701105503,0.8941446754392263,43590,4974,5347,373,3424.1
MIMIC-IV,0.1,2025,0.873020788175306,0.8641723031652941,0.8685740105567993,42290,6151,6647,496,3667.5
MIMIC-IV,0.05,42,0.8753031112572438,0.8704021579205493,0.8728457550359638,21297,3034,3171,137,3153.4
MIMIC-IV,0.05,123,0.8904253973607656,0.8631682197155468,0.8765849710502832,21120,2599,3348,749,3401.2
MIMIC-IV,0.05,2025,0.88113413304253,0.8585908124897825,0.8697164148209481,21008,2834,3460,626,3636.4
MIMIC-IV,0.15,42,0.8684024456182673,0.8533069954362782,0.8607885442576994,62637,9492,10768,1276,3144.2
MIMIC-IV,0.15,123,0.8684812601394917,0.8532661262856753,0.8608064649130039,62634,9485,10771,1286,3153.8
MIMIC-IV,0.15,2025,0.870827848978178,0.8562359512294803,0.8634702569034207,62852,9323,10553,1230,3154.0
MIMIC-IV,0.2,42,0.8380077778247453,0.8102151746122566,0.8238771545230699,79299,15329,18575,3246,3166.0
MIMIC-IV,0.2,123,0.756594435666977,0.7388070376197969,0.7475949484871826,72310,23263,25564,2301,3212.1
MIMIC-IV,0.2,2025,0.6500353122014042,0.6394752436806507,0.6447120386489354,62588,33696,35286,1590,2931.5
MIMIC-IV,0.25,42,0.8044170951698558,0.7800101355217341,0.7920256295337217,95428,23202,26914,3712,3377.8
MIMIC-IV,0.25,123,0.8180714112217634,0.7983521603374147,0.8080915051606098,97672,21721,24670,2949,6659.3
MIMIC-IV,0.25,2025,0.8237630973465976,0.8135554429386473,0.818627450980392,99532,21294,22810,1516,2784.8
MIMIC-IV,0.3,42,0.6186522896108216,0.6080879498130249,0.6133246311595075,89274,55030,57537,2507,3096.4
MIMIC-IV,0.3,123,0.49752867154048436,0.49229281184652374,0.4948968936273654,72274,72992,74537,1545,2681.1
MIMIC-IV,0.3,2025,0.8153399467699008,0.8033662327754733,0.8093088044574668,117943,26712,28868,2156,3173.6
CybersecIoT,0.05,42,0.9802618328298086,0.9757417802726543,0.9779965839445394,4867,98,121,23,871.5
CybersecIoT,0.05,123,0.9410577311263625,0.9346431435445068,0.9378394689197345,4662,292,326,34,952.5
CybersecIoT,0.05,2025,0.9409163987138264,0.9386527666399358,0.9397832195905258,4682,294,306,12,1109.3
CybersecIoT,0.1,42,0.8537475242364224,0.8212996389891697,0.8372093023255813,8190,1403,1782,379,956.8
CybersecIoT,0.1,123,0.8483116883116883,0.8187926193341356,0.8332908098178293,8165,1460,1807,347,951.8
CybersecIoT,0.1,2025,0.8685246581019478,0.840653830726033,0.8543620057072971,8383,1269,1589,320,996.7
CybersecIoT,0.15,42,0.9650087143048666,0.9619779485466088,0.9634909480306528,14396,522,569,47,841.0
CybersecIoT,0.15,123,0.9304149627941275,0.9274306715669897,0.928920420319925,13879,1038,1086,48,871.5
CybersecIoT,0.15,2025,0.9181720140199515,0.9102572669562312,0.9141975101506662,13622,1214,1343,129,806.2
CybersecIoT,0.2,42,0.9082725672617551,0.9051771663409011,0.9067222250112956,18061,1824,1892,68,805.0
CybersecIoT,0.2,123,0.9204396490874256,0.9149501328121085,0.9176866815794102,18256,1578,1697,119,833.7
CybersecIoT,0.2,2025,0.9518577196299892,0.9334435924422393,0.9425607287449392,18625,942,1328,386,905.1
CybersecIoT,0.25,42,0.9637339142361532,0.9578605509001243,0.9607882565855621,23890,899,1051,152,714.9
CybersecIoT,0.25,123,0.9665081412219894,0.9615091616214265,0.9640021707233735,23981,831,960,129,826.9
CybersecIoT,0.25,2025,0.9549913211964639,0.9485585982919691,0.951764090598222,23658,1115,1283,168,1074.2
CybersecIoT,0.3,42,0.927708011550601,0.9231206147677915,0.9254086280814575,27629,2153,2301,148,813.0
CybersecIoT,0.3,123,0.9255542748660927,0.9121951219512195,0.9188261425590631,27302,2196,2628,432,887.6
CybersecIoT,0.3,2025,0.9213513422479707,0.9139325091881055,0.9176269310119256,27354,2335,2576,241,1012.0
ViennaLine,0.05,42,0.8616626311541565,0.8144644491913335,0.8373990116871912,10676,1714,2432,718,2158.6
ViennaLine,0.05,123,0.7561901617695609,0.69896246566982,0.7264509990485253,9162,2954,3946,992,1901.6
ViennaLine,0.05,2025,0.7697336166040203,0.7186451022276472,0.7433125542491913,9420,2818,3688,870,1828.1
ViennaLine,0.1,42,0.802055729543082,0.7619483541213716,0.7814877843632024,19976,4930,6241,1311,1905.2
ViennaLine,0.1,123,0.7885421706176423,0.7460426440858985,0.7667039062346876,19559,5245,6658,1413,1875.5
ViennaLine,0.1,2025,0.845320866299049,0.8069191745813785,0.8256737505610523,21155,3871,5062,1191,2011.1
ViennaLine,0.15,42,0.7818332184700206,0.721176829578396,0.7502810809380829,28361,7914,10965,3051,2243.4
ViennaLine,0.15,123,0.7849447885806625,0.741112749834715,0.7623992884796484,29145,7985,10181,2196,2023.5
ViennaLine,0.15,2025,0.7564772509644059,0.7030971876112495,0.7288111021785257,27650,8901,11676,2775,2999.6
ViennaLine,0.2,42,0.7815068358800338,0.7598359874129875,0.7705190686160749,39842,11139,12593,1454,2837.9
ViennaLine,0.2,123,0.7967561883190423,0.7513683608276914,0.7733969357007549,39398,10050,13037,2987,2775.6
ViennaLine,0.2,2025,0.7847689478895152,0.7407075426718794,0.7621019170770952,38839,10652,13596,2944,2573.2
ViennaLine,0.25,42,0.7864177717712645,0.7102404491639204,0.746390463287344,46552,12643,18992,6349,3098.6
ViennaLine,0.25,123,0.4632194472616633,0.445975222751129,0.4544338038679187,29231,33873,36313,2440,2664.4
